,72001,72003,72005,72007,72009,72011,72013,72015,72017,72019,72021,72023,72025,72027,72029,72031,72033,72035,72037,72039,72041,72043,72045,72047,72051,72053,72054,72055,72057,72059,72061,72063,72065,72067,72069,72071,72073,72075,72077,72079,72081,72083,72085,72087,72089,72091,72093,72095,72097,72099,72101,72103,72105,72107,72109,72111,72113,72115,72117,72119,72121,72123,72125,72127,72129,72131,72133,72135,72137,72139,72141,72143,72145,72149,72151,72153
0,0.0,0.0,0.0,10.03,33.68,0.0,0.0,19.06,0.0,9.93,0.0,0.0,109.98,0.0,26.21,103.95,0.0,59.769999999999996,4.2,0.0,33.870000000000005,22.64,11.25,19.38,27.85,40.72,0.0,0.0,40.61,0.0,63.44,31.939999999999998,0.0,0.0,56.239999999999995,16.2,0.0,52.89,72.58,0.0,11.73,11.29,48.76,10.469999999999999,7.8999999999999995,0.0,0.0,3.9200000000000004,0.0,0.0,0.0,11.370000000000001,10.33,15.01,6.569999999999999,0.0,0.0,8.51,0.0,20.43,0.0,15.0,0.0,0.0,41.89,15.57,31.31,23.770000000000003,0.0,28.159999999999997,0.0,0.0,0.0,33.489999999999995,14.36,0.0
1,0.0,0.0,0.0,0.0,0.0,0.0,0.0,19.06,0.0,0.0,0.0,36.14,0.0,0.0,26.21,103.95,0.0,0.0,4.2,0.0,0.0,0.0,0.0,0.0,0.0,40.72,0.0,0.0,40.61,0.0,0.0,0.0,0.0,7.59,56.239999999999995,16.2,0.0,0.0,72.58,0.0,11.73,11.29,48.76,10.469999999999999,7.8999999999999995,0.0,0.0,3.9200000000000004,0.0,0.0,0.0,11.370000000000001,0.0,0.0,6.569999999999999,0.0,0.0,8.51,0.0,20.43,0.0,0.0,0.0,0.0,41.89,15.57,0.0,0.0,0.0,0.0,0.0,0.0,0.0,0.0,14.36,0.0
2,0.0,16.31,51.989999999999995,0.0,0.0,0.0,0.0,0.0,0.0,0.0,0.0,36.14,0.0,19.41,26.21,103.95,0.0,0.0,4.2,0.0,0.0,0.0,0.0,0.0,0.0,40.72,0.0,0.0,0.0,0.0,63.44,0.0,23.29,7.59,56.239999999999995,16.2,0.0,52.89,72.58,0.0,11.73,11.29,48.76,10.469999999999999,7.8999999999999995,0.0,0.0,0.0,0.0,22.65,0.0,11.370000000000001,0.0,15.01,0.0,10.04,134.48,8.51,0.0,20.43,0.0,0.0,0.0,0.0,41.89,15.57,0.0,0.0,0.0,28.159999999999997,0.0,0.0,0.0,33.489999999999995,0.0,0.0
3,0.0,0.0,0.0,10.03,33.68,0.0,0.0,19.06,0.0,9.93,0.0,36.14,109.98,0.0,26.21,103.95,0.0,59.769999999999996,4.2,0.0,33.870000000000005,0.0,11.25,19.38,0.0,40.72,0.0,0.0,40.61,0.0,63.44,31.939999999999998,0.0,7.59,56.239999999999995,0.0,0.0,52.89,72.58,0.0,0.0,0.0,48.76,10.469999999999999,7.8999999999999995,0.0,0.0,3.9200000000000004,0.0,0.0,0.0,11.370000000000001,10.33,15.01,6.569999999999999,0.0,0.0,0.0,0.0,20.43,0.0,0.0,0.0,0.0,41.89,0.0,0.0,0.0,0.0,0.0,0.0,0.0,0.0,33.489999999999995,14.36,0.0
4,0.0,0.0,0.0,10.03,33.68,56.53,0.0,0.0,0.0,9.93,0.0,36.14,109.98,0.0,26.21,103.95,0.0,0.0,4.2,0.0,33.870000000000005,0.0,11.25,19.38,27.85,40.72,0.0,15.59,0.0,8.540000000000001,63.44,31.939999999999998,0.0,7.59,56.239999999999995,16.2,0.0,0.0,72.58,20.4,11.73,11.29,48.76,10.469999999999999,7.8999999999999995,0.0,5.85,3.9200000000000004,0.0,0.0,0.0,11.370000000000001,10.33,0.0,0.0,0.0,0.0,8.51,6.1499999999999995,20.43,15.76,0.0,41.120000000000005,0.0,41.89,15.57,0.0,23.770000000000003,0.0,0.0,0.0,0.0,0.0,0.0,14.36,22.869999999999997
5,8.17,16.31,51.989999999999995,10.03,33.68,56.53,82.35,0.0,53.26,9.93,0.0,36.14,109.98,19.41,26.21,103.95,0.0,0.0,4.2,6.590000000000001,33.870000000000005,0.0,11.25,19.38,27.85,40.72,4.37,15.59,0.0,8.540000000000001,0.0,31.939999999999998,23.29,7.59,56.239999999999995,16.2,26.57,3.5399999999999636,72.58,20.4,11.73,11.29,48.76,10.469999999999999,7.8999999999999995,44.59,5.85,0.0,0.0,22.65,11.809999999999999,11.370000000000001,10.33,15.01,0.0,0.0,0.0,8.51,6.1499999999999995,20.43,15.76,15.0,41.120000000000005,0.0,41.89,15.57,31.31,23.770000000000003,0.0,0.0,12.0,19.75,60.52,0.0,0.0,22.869999999999997
6,8.17,16.31,51.989999999999995,0.0,33.68,56.53,82.35,0.0,0.0,9.93,0.0,0.0,0.0,0.0,26.21,103.95,0.0,0.0,4.2,6.590000000000001,33.870000000000005,0.0,11.25,19.38,3.7899999999999707,40.72,0.0,0.0,0.0,0.0,0.0,0.0,0.0,0.0,56.239999999999995,16.2,26.57,52.89,0.0,0.0,11.73,11.29,48.76,10.469999999999999,7.8999999999999995,0.0,0.0,3.9200000000000004,0.0,22.65,11.809999999999999,11.370000000000001,10.33,15.01,0.0,0.0,0.0,8.51,6.1499999999999995,20.43,0.0,0.0,0.0,0.0,0.0,15.57,0.0,23.770000000000003,0.0,0.0,0.0,19.75,0.0,33.489999999999995,14.36,0.0
7,0.0,16.31,51.989999999999995,10.03,33.68,56.53,0.0,19.06,0.0,9.93,0.0,0.0,0.0,0.0,26.21,103.95,0.0,15.13000000000001,4.2,0.0,33.870000000000005,22.64,11.25,19.38,27.85,40.72,0.0,15.59,40.61,1.0699999999999665,0.0,0.0,0.0,7.59,56.239999999999995,0.0,0.0,52.89,72.58,0.0,0.0,0.0,48.76,10.469999999999999,7.8999999999999995,0.0,0.0,3.9200000000000004,0.0,22.65,11.809999999999999,11.370000000000001,10.33,15.01,6.569999999999999,0.0,0.0,0.0,6.1499999999999995,20.43,0.0,15.0,0.0,0.0,41.89,0.0,31.31,23.770000000000003,0.0,0.0,0.0,19.75,60.52,33.489999999999995,14.36,0.0
8,0.0,0.0,0.0,10.03,33.68,0.0,78.51000000000008,0.0,53.26,9.93,0.0,0.0,0.0,0.0,26.21,103.95,0.0,59.769999999999996,4.2,0.0,33.870000000000005,0.0,11.25,19.38,27.85,40.72,4.37,0.0,0.0,0.0,0.0,31.939999999999998,0.0,0.0,0.0,16.2,0.0,0.0,37.890000000000015,0.0,11.73,11.29,0.0,10.469999999999999,7.8999999999999995,44.59,5.85,0.0,0.0,0.0,11.809999999999999,11.370000000000001,10.33,0.0,0.0,0.0,0.0,8.51,0.0,20.43,15.76,0.0,2.640000000000015,0.0,0.0,15.57,0.0,23.770000000000003,0.0,0.0,12.0,19.75,60.52,0.0,0.0,0.0
9,8.17,16.31,51.989999999999995,0.0,33.68,56.53,82.35,0.0,53.26,9.93,0.0,36.14,0.0,19.41,0.0,0.0,0.0,0.0,0.0,6.590000000000001,33.870000000000005,22.64,11.25,19.38,27.85,0.0,4.37,0.0,0.0,0.0,54.39999999999998,0.0,23.29,7.59,0.0,16.2,26.57,0.0,0.0,20.4,11.73,11.29,0.0,0.0,0.0,44.59,5.85,0.0,0.0,22.65,11.809999999999999,0.0,10.33,15.01,0.0,0.0,0.0,8.51,6.1499999999999995,0.0,15.76,15.0,41.120000000000005,0.0,0.0,15.57,31.31,23.770000000000003,0.0,0.0,12.0,19.75,60.52,33.489999999999995,0.0,0.0
