RegionID,0max,4max,6max,9max,11max,12max,13max,14max,16max,18max,19max,20max,23max,24max,27max,28max,30max,31max,32max,34max,35max,36max,37max,38max,39max,40max,41max,42max,43max,44max
72001,22.13644257,30.56382335,20.79975318,18.237427,43.83138643,124.5107295,26.36110374,47.82662265,90.01251116,17.524566,18.62249305,25.63138235,53.11347764,77.16406627,47.04704582,46.94596217,39.9939733,102.5432577,66.66190859,43.89464363,25.027167,32.8347681,85.81042809,105.6710733,93.19284452,71.33001358,22.63999489,37.28815199,75.13223969,38.51749964
72003,21.89667619,30.50734646,22.36650472,17.793056,43.84660981,118.5728158,26.24180941,46.21263947,91.07277317,17.452752,19.10558162,25.641274,51.12560247,77.47655001,46.09800253,42.93903236,39.74205733,95.46117136,61.81841253,43.48050472,22.757146,32.14678886,81.86840109,99.28500293,93.04973701,67.70094075,22.81756431,35.04084712,77.44550397,39.32076009
72005,22.22629802,31.52791496,20.98852515,18.65793,42.90836972,131.0231123,26.17499849,47.94269767,81.58519813,25.976263,19.38716192,27.18621165,71.82249735,65.31808043,58.95718077,64.79179694,44.5105914,121.5301016,95.36998484,42.73109955,18.419503,33.10706782,101.0031731,109.8597513,95.05405923,78.33654343,19.91459891,35.39049921,80.88604171,38.65695404
72007,22.80656549,28.47648718,20.65820174,29.613449,39.1124098,142.7001479,28.91028483,53.76064617,67.06282878,19.234463,19.77501923,23.69463448,62.86167697,79.76906598,51.06871574,34.73741938,33.30175706,95.0573455,64.66640246,48.63337283,35.599243,36.91861331,94.75638394,124.0233758,92.34143565,78.22893106,18.93677261,44.38535546,77.44945631,46.70337798
72009,24.6223915,30.4906665,19.35128601,16.782801,46.96788181,136.9552028,28.64961649,58.75480121,94.15799909,18.111632,18.05940292,30.28539658,76.74436443,59.97153961,67.44715134,97.87397654,49.66023437,125.4721839,98.33091794,41.87625912,20.877117,32.74258319,101.0224733,126.4561514,84.93671469,92.73727555,21.33880584,33.82785329,77.79878657,35.99008423
72011,23.25824017,32.76572572,24.05905316,38.890605,41.13661675,145,26.57676736,59.83138293,70.89854563,25.093929,25,28.71928207,55.23388468,79.99972976,47.02216757,34.5420578,38.929385,97.7407658,65.80781047,55,45.091436,40,102.7681679,134.995541,60.41021521,78.5747943,18.8167762,45,87.33394923,55
72013,22.54895739,32.26072957,22.4333285,19.372866,42.07263174,136.7915697,26.3843354,48.35904679,88.22536465,29.82921,20.4984967,27.89916436,83.31118126,58.40931624,64.67457923,70.30572164,45.96689388,133.9869722,104.2132155,42.33479032,17.493704,35.25254134,106.5106916,115.0406081,96.72484551,80.88226717,19.84915156,38.74983467,82.28599618,38.67648842
72015,22.08758977,32.24863256,22.31505933,19.506609,42.3250198,129.6378897,26.49658697,48.54820688,78.03501104,26.767172,20.74275581,27.75749902,89.95602998,56.78802892,67.22022831,74.39912616,48.51289793,124.2017144,107.7233649,41.9103976,16.817566,35.07562042,109.1520359,114.5678838,94.86778697,81.8512857,19.74717649,39.08499654,89.94474408,42.16142429
72017,21.99796829,30.80218168,18.17344347,16.463213,43.42748963,126.974128,25.97633429,47.62525859,70.56182617,20.966809,17.38981299,27.12358292,63.54100599,67.64157454,55.02157497,62.69780327,39.04227679,96.11876095,87.78185071,42.82507789,18.334889,27.77867053,95.96378477,104.734037,98.03071982,75.94703443,18.63135245,28.69457363,71.72884086,36.21403682
72019,22.37953672,31.63620998,21.40306186,18.943123,42.44420443,132.6517424,26.26781906,48.2977713,83.48212015,26.869639,19.60495465,27.18596329,74.21270262,62.98441902,60.2341091,65.43583725,45.02488125,125.8953653,97.32266826,42.61753837,18.330068,34.02760105,102.3823569,111.6391962,94.85677325,79.15734047,19.91631529,36.77556737,81.27173351,38.5647342
72021,26.09432395,31.76789043,19.91526409,18.050544,49.89743198,144.7129474,29.95531187,64.7892035,81.62542412,19.972369,18.3027175,31.47711223,86.51315836,61.19402554,69.9555373,109.6986699,49.48027045,128.6796726,105.4351242,41.65817432,22.818945,34.12726855,101.5589469,134.7302683,128.6237555,99.76820659,22.58363446,33.37154621,82.0263426,37.29845125
72023,23.06243263,29.42174315,22.43876534,34.1226,40.39285088,143.7829338,28.85020008,57.28182319,70.19083953,22.156699,22.24234913,26.32319834,62.66380646,79.74520763,50.96914674,35.1998214,36.6060374,96.82894503,65.46741031,52.35555634,41.013059,38.60963217,99.42119217,130.14867,91.52136518,78.35878737,19.05812286,44.6522446,82.22282859,50.5521222
72025,22.33737526,29.92576333,18.58827526,17.216914,42.33014729,130.1565473,26.14621085,49.68830797,87.01148846,16.428676,15.60137064,23.78508425,55.78195254,75.10102878,49.9206552,49.48390429,40.32971701,108.2942221,74.97563636,45.17631149,26.795974,33.46491623,91.01969247,110.5228928,90.59949861,74.14774697,20.74224282,38.50809926,68.92801479,35.59105778
72027,22.5511993,30.58358284,17.33360151,15.033495,43.65439932,128.0952789,26.69750041,50.28174649,60.21111324,18.565291,16.15938232,30.55229555,69.5920215,61.56855117,59.66600264,73.22832364,36.42102757,81.85963446,92.8187143,42.19265695,18.477016,25.35097665,99.3861826,111.0746841,107.0119351,80.75033219,17.34282934,26.3598024,68.35850633,34.54975629
72029,22.08547172,31.08822367,20.02544323,18.001944,43.14882318,128.4908117,25.88661492,47.41960805,81.92671944,22.971804,18.43900035,26.67167145,61.12767657,69.73917815,53.50524773,58.08281008,42.65028027,114.8332015,85.03184616,43.08613493,19.450053,31.81512741,94.64523,104.5774627,94.62314243,74.98854498,20.60672152,33.78159257,77.44660451,37.97387034
72031,22.03030606,30.22911383,18.7618588,17.121647,42.49201102,126.2339057,25.76669074,47.40099068,83.46163977,17.878593,16.24064896,24.47973378,54.00863535,71.43161779,49.23584707,50.38013418,40.62692371,108.1936554,74.35815388,43.49933808,21.335655,31.63706958,89.1553236,102.0561857,91.66439962,72.11780187,20.65776031,34.30265733,70.74834124,36.10984942
72033,22.38893652,32.17716234,22.26656981,19.358269,42.15762855,134.5369399,26.37312069,48.21011871,85.37803991,29.80963,20.48843413,27.67616822,83.99180079,59.23709714,64.80667231,70.81834803,46.49940209,131.0885941,104.5226966,42.32894571,17.529188,34.97712773,106.726577,114.5449059,95.26905485,80.85344077,19.77728247,38.39055743,84.24015635,39.31357833
72035,22.41068129,30.91505808,18.32358771,16.170912,43.58638278,128.154597,26.61650286,49.62486204,65.17467255,20.207391,17.18765685,29.39930109,73.98720308,66.38957135,60.97955009,73.24158264,39.22180017,91.66787964,96.5427409,42.65903795,18.626793,27.42223273,101.5300213,111.9420285,104.2380629,80.95647078,18.03549323,29.1116401,73.0805855,36.33497553
72037,21.56494732,30.15491941,26.38572786,16.754948,43.78565039,112.4991949,25.4711633,44.64204061,99.29767038,18.611881,21.42021234,26.11286216,45.1962129,77.79361705,43.35999677,42.03664859,38.42801785,92.09717406,57.77324108,43.36112085,20.965188,32.69012927,76.94969713,89.88260421,93.34426436,63.16971693,22.9406922,32.8942238,82.73643216,41.51549012
72039,24.61795997,32.26490824,22.30099676,19.419518,47.15216696,137.8753262,28.77934484,59.16274328,79.62901994,23.794248,20.68382278,27.66868238,92.2196195,58.76824043,69.05045796,101.1274372,49.52320033,122.8921448,108.9051523,41.59393621,20.56658,36.0906187,109.2631404,127.7679442,100.4614174,93.704694,21.5761297,39.31052337,91.25934543,43.13983602
72041,22.90649097,32.8967192,23.15029904,19.954807,41.87999851,140.3540568,26.45925321,48.22086756,93.46076683,38.819955,21.43751182,28.57343353,92.58002014,54.5072749,68.9504147,74.17091635,49.70138351,140.2360298,109.9038252,42.07430745,16.208917,36.20305334,110.230745,117.8677563,98.4123893,81.79345432,19.86683162,41.05573046,91.46049999,41.96201192
72043,22.03527158,32.4497776,22.67023539,19.774964,42.72003895,128.3769762,26.87958619,49.95355041,76.2898469,25.965123,20.99434505,28.93026298,92.3477415,54.70407089,68.32670143,80.31402888,49.56516383,124.9071618,108.9059086,41.46111214,16.775757,35.88451906,110.2749755,116.2231235,95.86863613,83.85232225,20.00277796,39.9072193,92.68353803,43.87682058
72045,22.34839903,31.33980815,20.91411918,18.739782,42.42981291,131.6056287,26.22909962,48.26182577,82.84760847,25.148052,18.9897467,26.7324538,70.33765901,65.59272846,58.33391551,62.74969392,44.2702812,123.346473,93.76398791,42.90123313,19.304554,33.69459214,100.5000994,110.6898426,94.20948577,78.46711049,20.14527228,36.39521147,79.73370473,38.40119393
72047,26.04548355,32.09588343,20.80616644,18.401978,49.8051394,144.4555019,29.91443435,64.59724196,82.60312326,21.419991,19.15124793,30.44205244,88.34213343,61.13258298,69.90751857,109.4099032,47.15661728,131.5624708,106.5626143,41.64934714,22.74856,34.48121565,104.8862963,134.4763016,102.3965706,99.55401046,22.54146133,35.78156528,84.24620933,39.29811667
72051,22.154788,27.17184759,17.98460944,19.310865,36.11194524,135.9942766,29.62532313,44.98611789,64.27899485,14.308809,15.61525682,19.2008246,65.1741334,79.97727342,52.25508766,34.99524031,28.40047481,89.62854153,62.68640312,39.44747651,22.047861,33.20908495,83.05561839,108.3056206,110.1057321,77.30173599,19.18553607,42.8244179,69.18213947,39.97831953
72053,21.87756006,28.34736353,29.0817995,17.262044,41.6650416,93.6823671,26.87530484,45.03876874,88.89254826,20.149284,19.82673581,22.86536392,53.59879777,77.27941154,47.21003196,41.65303054,33.54515871,87.51644265,61.22907494,42.53951382,21.274836,34.54251225,80.59103478,99.17472318,84.16711602,67.33645518,21.5654139,34.90245163,83.09698619,44.99482321
72054,22.17391789,30.19567967,18.5743368,17.259049,42.09340308,127.905996,25.97570112,48.1763681,84.10863949,17.760766,15.73972784,24.0948738,57.41694841,70.65778777,51.11692873,52.01264308,40.90061951,111.1641209,78.29313448,43.67504234,22.03591,32.33002808,92.25612623,105.7570682,91.26085991,74.3759652,20.37265415,35.60087747,70.21491919,35.88759397
72055,25.34888981,34.64002515,18.71587557,18.831188,48.46470258,140.7128653,29.30797291,61.78839081,115,21.645647,22.46150468,40.16054302,77.53426104,60.49808233,68.87187391,104.4236839,70,143.5317611,98.98978698,41.85793636,21.804576,32.13417121,100.5516314,130.5780527,77.4241505,96.30471681,21.88989048,33.34148574,76.74794836,36.73885298
72057,22.20557718,31.83456607,21.53666004,18.990459,42.62033696,131.3064965,26.32648664,48.12416059,80.97915595,27.500728,19.97676959,27.3825194,79.97777279,62.08720621,62.77820242,69.31167507,45.80911309,123.9617719,101.6263066,42.44028475,17.804658,33.80529404,104.8887894,112.7476306,94.87209591,80.14141687,19.62001456,36.67226743,83.51942386,39.25979768
72059,22.03847136,31.17861165,19.65936944,17.647803,43.495788,128.1962548,25.99785706,47.55701757,77.36484641,23.251677,18.50780045,27.16338283,65.84590348,69.41104749,55.96932149,62.46403652,42.17366652,108.8998383,90.0585949,42.9907431,18.527037,30.38338848,97.4451493,106.0742025,96.37089854,76.46164158,19.80014042,31.94186902,77.27946194,37.87913433
72061,22.4683297,29.07585259,19.33125977,18.241349,40.72889478,132.9056061,26.3629502,50.80892404,84.99296676,15.641591,15.86739732,22.58865859,54.17464112,76.2205013,47.8303642,41.88926595,39.73943743,100.7834951,68.23857534,46.12488921,29.308024,34.29335087,91.36264343,114.2682034,85.18939478,75.17912567,20.27232671,40.18032187,69.89924716,37.37197612
72063,22.69500518,32.81336043,23.00231535,19.748405,42.13302296,138.9726528,26.41461314,48.23285937,91.53587804,35.013219,21.16214319,28.35220975,91.41351639,56.58519409,68.37112738,73.67631806,48.30070714,138.7197369,109.1769445,41.98166151,16.727824,35.82515311,109.6615651,117.1120956,97.3451146,81.71462549,19.85420693,40.64965749,87.63886477,40.41775125
72065,22.06736301,26.56254559,29.69129601,17.659016,38.03930032,108.4099162,29.20307241,45.17955359,72.41918287,19.614608,17.91588656,19.16599936,63.78430734,79.64197481,51.60440487,38.3459272,31.01287621,86.26026514,63.18576867,40.39006279,21.531058,34.43933084,82.77396926,105.1796042,108.2338514,74.83963774,20.08868433,38.35432854,82.95040453,45.51351094
72067,21.90476166,31.22906057,19.51633881,17.403476,44.45816549,126.5523388,25.60677913,46.70927311,91.8448821,21.815187,18.68150906,26.96130892,56.02046399,77.08299548,50.80856513,55.62887561,41.67628895,108.3954164,79.64436211,43.5654214,19.357291,30.29964622,90.81618543,99.9811751,96.57122249,72.49145217,22.83541564,31.70213864,75.85221665,37.56526821
72069,22.32086025,32.42662432,22.64598936,19.752529,43.02126545,128.5627062,26.75096837,49.86436382,77.29132972,26.649281,20.98987014,30.01453769,91.835016,57.7478455,68.08529526,77.55770473,49.4227814,125.2754866,108.7160605,41.84431866,17.503177,35.71517758,110.0709938,115.0622951,102.0725737,82.84856275,19.82543105,39.83041811,92.18594472,43.41060753
72071,22.62734454,28.94190592,19.58488495,21.768181,40.10204527,136.4714959,26.62941818,52.31716492,81.0942554,16.692814,16.67352016,22.92911527,55.01391333,77.55416659,47.5716556,40.11142732,38.30693748,98.74184912,66.88848208,47.47302608,32.31969,35.3411597,93.11284115,118.7002197,82.24887753,76.39989215,19.83475299,41.89302178,71.45773641,39.9496903
72073,22.00594504,27.91631543,26.28893627,17.86224,40.56073532,101.9600461,27.66553444,45.2501092,82.43772682,18.005478,18.6837755,21.52299564,57.64575734,78.13043273,48.9052145,40.56075961,32.75830386,88.66189683,62.19860675,42.04135454,21.827932,33.26093251,81.85719077,103.3879173,87.54425179,70.20545892,21.17300729,36.04757774,79.56372782,43.56015306
72075,23.0746097,32.79611351,23.25866718,20.262906,44.46785908,131.9138135,27.63767335,53.62189033,76.72087604,24.653458,21.37428006,28.65362163,93.94228248,56.18282345,69.23477156,90.08508153,50.94230757,127.5874177,109.8076687,41.46963251,18.279632,36.98870206,111.2857292,120.9148886,96.56695561,87.81456484,20.63148961,40.88475614,95.93418429,45.83687735
72077,22.00679281,26.06428333,21.29683401,17.408533,36.02331191,104.8001502,29.15427862,43.48477999,68.76121191,14.860112,15.73097807,17.90610708,63.60928388,79.58962128,51.5271591,35.67971767,28.88285732,85.99063056,62.24857748,38.10243835,19.576448,32.95148091,80.76328004,104.3834417,107.4269911,74.47441285,19.71576041,37.90324154,70.98471749,39.33641326
72079,21.95824692,29.17989312,25.85212412,17.819025,42.01679299,111.1613262,27.0848937,45.45787851,92.89932388,18.594215,20.35254682,23.71111763,54.99637872,77.61014022,47.73907803,41.77824365,35.69498591,91.55543355,61.8161765,42.8435913,21.967065,32.93254916,81.65357228,101.6566872,88.34464193,68.7829362,21.82235547,35.57141702,81.55549857,41.72883205
72081,22.08339221,29.91636842,15.11598895,13.84627,44.07785151,126.0437562,26.04963934,48.04204017,56.2139929,16.991273,14.85652115,26.33904806,60.49375069,72.08803966,54.3086808,63.67103275,31.7641754,72.39453976,84.5017761,43.16845254,18.722259,23.68570893,94.12461849,103.9896931,101.5411694,75.86364109,16.62754376,23.29418649,58.39701481,31.82383717
72083,21.27352748,33.25537794,23.67718811,20.634821,41.94711729,126.3895896,26.62797448,48.38780104,76.58497716,26.591024,21.68797579,27.12008083,94.59968087,53.01467341,69.59574244,77.48047703,51.45429085,130.2063379,110.1481925,41.13988653,15.917825,37.38488979,112.4519787,114.6271195,87.86181406,82.87600694,19.96435886,41.44502483,98.00647363,47.08582018
72085,30,34.5718208,24.06158604,20.997999,42.66110461,128.1032107,26.89526127,51.53715831,86.74866598,25.090101,23.82947304,27.97061731,95,54.09933901,70,81.00317827,55.61841118,130.9538733,113,45.87079881,16.639183,38.10574905,115,134.377925,122.4989998,84.09464117,20.0889881,41.83338586,100,49.08539596
72087,22.02827472,27.15481387,25.97383549,17.831726,38.20258684,102.8121802,28.93743982,44.79958789,73.03236981,16.816262,16.85909744,19.53957538,62.8235814,79.40484945,51.16667998,38.15105094,30.88475514,87.58153115,62.41619613,40.43638137,21.188829,33.05139475,81.77458272,104.7490328,102.3370646,73.61571754,20.33862288,37.48802676,77.47321404,43.33384935
72089,25.07262249,32.65382371,20.29540931,17.005223,47.97873409,139.6320609,29.10262066,60.7855279,73.212681,20.356293,18.22381163,43.4460964,85.14169426,59.90616926,68.93707957,103.2363642,44.97285693,109.479002,104.4773797,41.73066763,21.343943,33.17578805,103.9314952,129.4545471,131.4096135,95.27949198,21.72654211,34.64297594,81.0944546,37.8252946
72091,23.21022826,30.51232424,23.61239569,37.544133,40.97058465,144.6708852,26.73491041,59.21329169,73.29844725,24.276126,24.20680063,28.0715997,55.56052046,79.88777449,47.58802526,36.7495942,38.34841082,97.56356139,65.75698532,54.36023331,44.085528,39.64379801,101.9660394,133.7934041,74.35203767,78.51138407,19.16926611,44.89701674,85.8884926,53.72506227
72093,21.34725326,32.21149508,18.27874935,15.523884,45.05810476,120.8304323,24.54728037,44.12454572,99.4317033,18.855758,19.41076173,27.39092467,41.21181104,78.72882076,42.3483991,47.02317693,43.15419132,94.73679015,60.72904767,43.70634508,18.80335,27.52272976,76.82176073,83.84544556,99.88277856,63.235763,23.77893815,27.92964343,72.33470651,36.37200283
72095,21.66422459,31.22267727,19.64479524,16.677505,44.45873142,122.5079935,25.14189227,45.59927804,92.18272952,18.214892,18.71167176,26.38030174,46.58293146,77.21223516,45.07153147,46.98251987,41.42270083,102.0386658,65.38977462,43.57294466,20.359057,30.00998328,81.84546037,92.26375498,96.1348099,66.77500288,22.90421824,31.60922386,74.39893394,37.33201093
72097,25.73686744,34.16603428,24.02744911,20.941935,41.63457666,144.9682497,26.45757746,49.40474189,99.53411168,49.079547,23.03184991,30.17308633,94.96644495,52.94146355,69.97049995,74.76169417,54.11591829,150,111.8051272,43.5707028,15.730518,38.02077303,114.0654773,124.7205,102.0415298,81.98592796,19.88055889,41.80827714,99.72110441,48.57582753
72099,22.99576839,33.15105314,22.98766009,19.679155,41.52953353,143.483998,26.40681455,48.31396257,97.40571456,40.1112,20.85781555,29.29834127,92.01594569,52.81572356,68.74611765,73.83182499,45.79465164,144.3583566,109.6669042,42.12289857,15.76259,35.6982649,109.7795088,118.0632026,100.296247,81.76361001,19.86771168,40.9448554,80.59174727,37.03995901
72101,21.04196218,35.34310103,18.21965972,14.474436,45.40984024,118.1961217,23.99088071,42.68569637,110.5382375,17.796156,20.38770273,29.36773837,35.55917891,79.80867562,38.91687886,44.16872549,45.84362483,93.27864249,52.67356867,43.81441666,18.687663,27.04022276,70.10365496,75.29663242,106.3276296,58.82722728,24.83602658,27.14607627,73.33186711,36.70648924
72103,22.96675977,32.06762603,21.62019832,18.747066,44.28296027,131.5170271,27.55474646,53.22822747,74.5956243,23.326961,19.98900199,33.37833871,89.97930258,56.58563824,67.9308387,89.07277877,47.49215313,115.8333858,107.5113928,41.61183601,18.12961,34.76732469,108.1291308,120.3814978,108.5953135,87.36974679,20.54455441,38.00094639,87.83884018,41.55902276
72105,22.29735387,31.25439321,19.47875209,17.329939,43.24595687,128.2345966,26.61895929,49.58436348,70.2530477,22.179579,18.30919969,29.35132545,78.09942608,63.83436195,62.21237973,73.76967463,42.17897768,102.5446078,99.76019575,42.46062584,18.153877,29.78113479,103.5566716,112.638206,101.4481174,81.26274995,18.70675929,32.1356187,78.1716955,38.1788142
72107,23.94187925,34.18205412,20.13546027,15.967154,45.89158355,134.3657447,28.11867618,56.26818695,64.20072143,20.01978,17.331055,45,81.28673657,59.15643839,66.57247855,93.10692868,39.92926826,88.68797995,101.8415654,41.87741401,19.827949,31.30804198,103.679494,122.8229546,135,89.80194359,20.48024963,33.71147482,77.7746751,36.64971569
72109,26.14766195,34.0336258,20.15540166,18.987153,50,144.9963489,30,65,87.64950647,20.283088,18.53790405,25.27948492,86.85719613,61.26979863,69.999727,110,47.1174924,137.1806953,105.6442603,41.64419941,22.898358,34.17981089,102.2340223,135,96.86771831,100,22.62577383,33.87457068,82.96204319,38.69254906
72111,22.02208021,26.64559798,30,17.368995,39.52481606,80.79267316,28.23851417,45.05539518,74.75634779,19.682126,18.09426216,19.4746713,60.19544462,78.55329046,50.05655982,39.93427988,31.29877342,84.93459583,62.64248603,41.39871923,21.308491,34.38159658,82.03776122,104.3264489,82.07246536,71.90080204,20.69136905,35.48011727,83.06328429,46.64483191
72113,23.0253867,31.42035745,19.48174089,16.339229,44.31089556,130.1606316,27.22377316,52.40397435,65.92533428,20.442216,17.45247758,37.54548328,76.43516627,60.46017705,62.57476988,80.98153937,40.18433774,92.91088973,98.36170607,42.10310973,18.825618,28.52473142,102.4753993,115.774996,119.5281317,84.27114261,18.79630469,30.7330136,75.7135746,36.80941958
72115,21.96560849,31.12382928,19.377262,17.458646,44.34194688,126.4356495,25.66284773,46.96120461,90.73312425,20.286344,18.55428627,26.50011791,54.89307911,76.71043374,49.99894574,52.79379338,41.35400931,109.9196005,76.98574758,43.53888507,21.051043,31.15657323,89.92244672,100.6912835,96.20436418,72.24602239,22.65416469,33.13116415,74.21677246,37.19066584
72117,21.41982299,31.103217,26.47944074,16.289395,44.60221937,115.2939901,24.96353754,44.1074705,99.92264925,17.903764,21.52867281,27.26849071,42.39157015,78.57943111,41.99141826,42.14572798,41.09007186,92.72017466,55.93516967,43.59304468,20.400539,30.3808199,74.83842042,85.78379379,97.83170671,61.56150304,23.67345282,31.23747309,82.87748928,39.39238408
72119,22.14269763,31.47150281,20.23922869,18.019934,42.84433744,128.5119843,26.49090999,48.91270752,73.89660665,23.835634,19.00774294,28.22286444,80.34690807,61.5254793,62.96442004,72.37538611,43.92868343,109.8915233,101.4555975,42.31691243,17.697859,31.28169712,104.7061056,112.6929183,97.64084651,80.87494896,19.06230317,33.9983226,81.20717714,39.20210323
72121,22.35333702,28.91720972,22.0019,20.084,40.58780239,130.0593033,27.16550339,49.23500425,81.10986948,16.914765,17.78964809,22.79039509,56.1574097,77.73281129,48.15760348,40.55521076,36.42882525,95.89994253,64.77710232,44.5643434,27.628194,33.93233383,88.43195213,111.8225135,87.3124898,74.3486603,20.92896543,39.95490837,75.1784537,39.58693324
72123,21.16802405,40,23.48647595,15.331138,45.45587402,117.5906764,24.24087635,43.17035995,112.7660234,17.738844,20.57251165,39.36728304,37.68366727,79.99756788,39.69965998,42.88325914,46.37303228,94.46348778,52.93923451,43.82890875,19.3924,28.49071027,71.27186918,78.75337514,111.2847029,59.26291989,25,28.90210018,80.99380308,38.30486062
72125,22.83328128,31.91730578,21.20769806,18.391167,43.92028114,130.2738548,27.21819232,52.0426641,73.43226425,23.262354,19.60033426,35.92045035,87.83528844,58.10420646,66.75403938,82.91218331,46.18244758,111.888829,106.2065692,41.84732753,18.17068,33.7230803,107.4128504,117.2964402,115.3135679,84.94066087,19.89513122,37.01683445,85.75059735,40.72112691
72127,22.63852658,28.62880518,20.43799669,25.73331,39.08900653,139.2499885,28.38951501,51.79105898,74.92340071,17.811722,18.32083535,22.65757402,61.07124874,79.3244984,50.25829835,37.87049752,34.73073587,95.02455771,64.87182638,46.68726249,32.316264,35.78730645,92.12239068,119.6965294,92.02966588,77.42753496,19.82824501,43.3307691,74.76733152,43.78006553
72129,22.17773836,28.20484631,21.49914804,19.439909,38.84988722,127.8850313,29.21296608,46.52365154,75.83448623,16.352733,17.10017286,21.31813586,63.82058789,79.73789788,51.59503178,38.55325683,32.69903873,91.46043724,63.15756924,41.9267064,23.761442,33.32049636,84.36752373,108.3189598,103.7534016,75.78191211,20.23549897,40.92358841,73.77921545,39.67594422
72131,22.77092196,29.00769403,20.50078686,25.722637,39.85229596,139.5160764,26.66934262,53.81680562,75.90913409,18.469882,18.53743576,23.76968233,55.26011633,78.50969418,47.60019663,37.73942656,36.49266009,97.19230102,65.98664563,48.88852389,35.124347,36.37325804,94.94972491,122.6087635,77.55987346,77.30397895,19.35859141,43.15096631,75.25843513,43.63419339
72133,22.47743774,27.81099887,19.06327188,24.006403,37.5898152,139.307689,28.9956118,49.29137041,65.15214251,16.384156,17.31646069,21.06580469,63.14317483,79.77149543,51.21897225,34.93484844,30.4027387,92.47622766,63.79357259,43.93120147,28.649767,34.91830919,88.85929422,116.0654357,95.20572042,77.82272203,18.97786566,43.55615259,72.61516557,42.55310192
72135,23.6723074,31.93117627,20.84063011,17.923805,45.44875554,133.8632973,28.01074906,55.5425855,75.33817122,21.568996,19.14316423,37.79795369,88.16833912,57.67870256,68.29905991,93.88338753,46.59723679,113.453045,106.4348152,41.6766176,19.239401,34.30396629,105.4392469,123.0755229,118.9841239,89.69132035,20.88709482,36.042831,84.22032914,39.4061975
72137,21.81796975,30.96834174,18.21354661,15.840387,44.66014912,124.6430917,25.54226054,46.59749817,82.92126051,19.733893,17.89634679,27.82129051,53.19509601,76.2744495,49.85318677,57.07919296,39.86087766,94.44663296,76.7647878,43.51863384,18.73272,27.52256975,88.6922455,97.35918709,101.3927787,71.62469576,21.21341279,27.93969192,71.29683896,36.08412549
72139,23.12140638,33.64576369,23.94679704,20.823726,42.74997886,128.0657643,26.96656736,50.3138108,78.46833798,24.860002,22.47389847,26.64291717,94.77517936,53.8196983,69.89308793,82.5495797,53.18367176,130.6348903,111.0727637,42.15738987,16.678587,37.87193603,111.6028378,118.807482,91.90194082,84.57931473,20.26323603,41.73572768,99.103587,48.0382472
72141,25.52420909,31.55245324,20.42410129,17.745696,48.80401026,141.8427221,29.48470162,62.55449898,81.05261141,20.953979,18.8990972,28.62052361,88.57217151,60.29030834,69.56082084,106.4826891,48.68869077,118.5766577,106.7950596,41.64121246,21.945681,34.9093465,104.1174727,131.948468,116.2363888,97.33907066,22.16988501,35.44486672,83.78185064,38.26850973
72143,22.22410565,30.76169936,19.72063609,18.070232,42.47813998,129.2552915,26.0594518,48.06236289,82.9552441,21.378348,17.54529009,25.68025483,62.44573127,69.69611431,54.12116817,56.97382952,42.40478144,116.6344702,85.34658833,43.37861304,21.04375,32.67561044,95.81869029,107.3114301,93.01191084,76.14129387,20.51061689,35.31445969,75.29713751,37.45295575
72145,22.07317354,28.63917449,22.65764949,18.388469,40.21407733,111.6342071,28.730561,45.77918793,80.35999408,16.966914,17.88398823,22.40746176,62.07967182,79.23264493,50.82478779,40.13377479,34.14335851,91.08263566,62.61808239,42.34223469,22.483742,32.98331245,82.70755344,105.5739122,98.81371032,73.2984414,20.86627703,37.7291355,75.92891829,40.14582658
72149,21.42797453,31.22265042,16.47725021,13.480048,44.90074803,120.8688493,24.76415232,44.58438795,87.4625307,16.979338,18.07608862,30.15497254,42.21692672,77.4493525,43.43986407,49.62229391,39.2903645,80.60943263,62.535342,43.61829243,18.629539,25.28571348,78.33840724,85.54508114,105.8161116,64.62399833,21.95917187,24.93968869,63.2355505,32.88562653
72151,22.47140563,28.85770858,21.52302427,22.445922,39.40312904,132.034928,29.66837862,49.61095001,73.3344837,17.950771,17.57981289,22.92521179,65.31346021,80,52.32384235,41.51045744,34.38274267,95.57944275,67.11260139,44.36267479,28.455425,34.55249816,89.47534622,115.1994307,113.1311042,76.90435239,19.59351134,41.57378183,75.23935907,41.67144524
72153,22.11894215,31.60682026,20.8663908,18.561948,42.76642275,129.7400325,26.32742645,48.24670069,78.02211049,25.749477,19.49560307,27.46061527,77.52326801,62.09923038,61.55792741,69.20183372,44.79748756,117.7825199,99.71930367,42.38683956,17.743034,32.55512686,103.6502588,111.5765449,95.88702997,79.75230153,19.39307022,35.097978,82.13924856,39.18379332
