Link,From_Node,To_Node,Transmission_Capacity,Type
0,1,10,500,1
1,4,16,500,1
2,5,17,500,1
3,6,18,500,1
4,6,19,500,1
5,7,19,500,1
6,0,23,250,1
7,2,42,250,1
8,3,44,250,1
9,3,46,250,1
10,3,48,250,1
11,3,49,250,1
12,8,9,500,2
13,8,19,500,2
14,9,10,500,2
15,10,11,500,2
16,11,12,500,2
17,11,19,500,2
18,12,13,500,2
19,13,14,500,2
20,13,17,500,2
21,14,15,500,2
22,15,16,500,2
23,16,17,500,2
24,17,19,500,2
25,18,19,500,2
26,8,21,250,1
27,8,23,250,1
28,9,20,250,1
29,10,28,250,1
30,11,34,250,1
31,11,37,250,1
32,12,29,250,1
33,12,40,250,1
34,12,42,250,1
35,12,44,250,1
36,12,46,250,1
37,12,47,250,1
38,13,41,250,1
39,13,47,250,1
40,13,50,250,1
41,14,47,250,1
42,14,52,250,1
43,14,53,250,1
44,15,53,250,1
45,15,56,250,1
46,15,57,250,1
47,17,38,250,1
48,17,45,250,1
49,19,26,250,1
50,19,29,250,1
51,19,31,250,1
52,19,33,250,1
53,20,21,250,2
54,22,23,250,2
55,22,24,250,2
56,24,26,250,2
57,25,29,250,2
58,27,28,250,2
59,28,29,250,2
60,28,32,250,2
61,29,30,250,2
62,29,33,250,2
63,31,33,250,2
64,32,34,250,2
65,33,35,250,2
66,33,38,250,2
67,35,36,250,2
68,36,39,250,2
69,37,40,250,2
70,39,41,250,2
71,42,44,250,2
72,43,45,250,2
73,43,50,250,2
74,44,46,250,2
75,45,55,250,2
76,46,47,250,2
77,46,48,250,2
78,46,49,250,2
79,47,50,250,2
80,47,53,250,2
81,48,49,250,2
82,49,51,250,2
83,51,52,250,2
84,53,57,250,2
85,53,58,250,2
86,54,59,250,2
87,55,56,250,2
88,57,58,250,2
89,58,60,250,2
90,59,61,250,2
91,60,61,250,2
92,20,63,250,1
93,20,64,250,1
94,20,111,250,1
95,21,67,250,1
96,21,120,250,1
97,22,73,250,1
98,22,95,250,1
99,23,110,250,1
100,24,101,250,1
101,24,108,250,1
102,24,122,250,1
103,24,124,250,1
104,25,97,250,1
105,25,102,250,1
106,25,103,250,1
107,25,119,250,1
108,25,127,250,1
109,26,89,250,1
110,26,91,250,1
111,26,137,250,1
112,27,75,250,1
113,27,94,250,1
114,28,68,250,1
115,29,132,250,1
116,30,62,250,1
117,30,81,250,1
118,30,98,250,1
119,30,132,250,1
120,31,117,250,1
121,31,118,250,1
122,32,68,250,1
123,33,118,250,1
124,34,70,250,1
125,34,88,250,1
126,34,107,250,1
127,35,99,250,1
128,36,115,250,1
129,36,135,250,1
130,37,112,250,1
131,37,133,250,1
132,37,134,250,1
133,38,83,250,1
134,38,123,250,1
135,38,128,250,1
136,39,66,250,1
137,39,71,250,1
138,39,85,250,1
139,40,86,250,1
140,40,129,250,1
141,41,82,250,1
142,41,84,250,1
143,41,114,250,1
144,42,72,250,1
145,42,130,250,1
146,43,79,250,1
147,44,78,250,1
148,45,69,250,1
149,45,90,250,1
150,45,116,250,1
151,46,125,250,1
152,47,92,250,1
153,48,125,250,1
154,49,125,250,1
155,50,65,250,1
156,50,74,250,1
157,50,93,250,1
158,51,125,250,1
159,52,125,250,1
160,52,131,250,1
161,53,100,250,1
162,53,126,250,1
163,54,76,250,1
164,54,77,250,1
165,54,105,250,1
166,55,109,250,1
167,56,136,250,1
168,57,96,250,1
169,57,104,250,1
170,58,113,250,1
171,59,106,250,1
172,59,121,250,1
173,60,80,250,1
174,61,87,250,1
